owner_id,car_price,maint_cost,num_doors,person_capacity,trunk_size,safety_rating,car_rank
1,4,4,2,2,1,1,unacc
2,4,4,2,2,1,2,unacc
3,4,4,2,2,1,3,unacc
4,4,4,2,2,2,1,unacc
5,4,4,2,2,2,2,unacc
6,4,4,2,2,2,3,unacc
7,4,4,2,2,3,1,unacc
8,4,4,2,2,3,2,unacc
9,4,4,2,2,3,3,unacc
10,4,4,2,4,1,1,unacc
11,4,4,2,4,1,2,unacc
12,4,4,2,4,1,3,unacc
13,4,4,2,4,2,1,unacc
14,4,4,2,4,2,2,unacc
15,4,4,2,4,2,3,unacc
16,4,4,2,4,3,1,unacc
17,4,4,2,4,3,2,unacc
18,4,4,2,4,3,3,unacc
19,4,4,2,5,1,1,unacc
20,4,4,2,5,1,2,unacc
21,4,4,2,5,1,3,unacc
22,4,4,2,5,2,1,unacc
23,4,4,2,5,2,2,unacc
24,4,4,2,5,2,3,unacc
25,4,4,2,5,3,1,unacc
26,4,4,2,5,3,2,unacc
27,4,4,2,5,3,3,unacc
28,4,4,3,2,1,1,unacc
29,4,4,3,2,1,2,unacc
30,4,4,3,2,1,3,unacc
31,4,4,3,2,2,1,unacc
32,4,4,3,2,2,2,unacc
33,4,4,3,2,2,3,unacc
34,4,4,3,2,3,1,unacc
35,4,4,3,2,3,2,unacc
36,4,4,3,2,3,3,unacc
37,4,4,3,4,1,1,unacc
38,4,4,3,4,1,2,unacc
39,4,4,3,4,1,3,unacc
40,4,4,3,4,2,1,unacc
41,4,4,3,4,2,2,unacc
42,4,4,3,4,2,3,unacc
43,4,4,3,4,3,1,unacc
44,4,4,3,4,3,2,unacc
45,4,4,3,4,3,3,unacc
46,4,4,3,5,1,1,unacc
47,4,4,3,5,1,2,unacc
48,4,4,3,5,1,3,unacc
49,4,4,3,5,2,1,unacc
50,4,4,3,5,2,2,unacc
51,4,4,3,5,2,3,unacc
52,4,4,3,5,3,1,unacc
53,4,4,3,5,3,2,unacc
54,4,4,3,5,3,3,unacc
55,4,4,4,2,1,1,unacc
56,4,4,4,2,1,2,unacc
57,4,4,4,2,1,3,unacc
58,4,4,4,2,2,1,unacc
59,4,4,4,2,2,2,unacc
60,4,4,4,2,2,3,unacc
61,4,4,4,2,3,1,unacc
62,4,4,4,2,3,2,unacc
63,4,4,4,2,3,3,unacc
64,4,4,4,4,1,1,unacc
65,4,4,4,4,1,2,unacc
66,4,4,4,4,1,3,unacc
67,4,4,4,4,2,1,unacc
68,4,4,4,4,2,2,unacc
69,4,4,4,4,2,3,unacc
70,4,4,4,4,3,1,unacc
71,4,4,4,4,3,2,unacc
72,4,4,4,4,3,3,unacc
73,4,4,4,5,1,1,unacc
74,4,4,4,5,1,2,unacc
75,4,4,4,5,1,3,unacc
76,4,4,4,5,2,1,unacc
77,4,4,4,5,2,2,unacc
78,4,4,4,5,2,3,unacc
79,4,4,4,5,3,1,unacc
80,4,4,4,5,3,2,unacc
81,4,4,4,5,3,3,unacc
82,4,4,5,2,1,1,unacc
83,4,4,5,2,1,2,unacc
84,4,4,5,2,1,3,unacc
85,4,4,5,2,2,1,unacc
86,4,4,5,2,2,2,unacc
87,4,4,5,2,2,3,unacc
88,4,4,5,2,3,1,unacc
89,4,4,5,2,3,2,unacc
90,4,4,5,2,3,3,unacc
91,4,4,5,4,1,1,unacc
92,4,4,5,4,1,2,unacc
93,4,4,5,4,1,3,unacc
94,4,4,5,4,2,1,unacc
95,4,4,5,4,2,2,unacc
96,4,4,5,4,2,3,unacc
97,4,4,5,4,3,1,unacc
98,4,4,5,4,3,2,unacc
99,4,4,5,4,3,3,unacc
100,4,4,5,5,1,1,unacc
101,4,4,5,5,1,2,unacc
102,4,4,5,5,1,3,unacc
103,4,4,5,5,2,1,unacc
104,4,4,5,5,2,2,unacc
105,4,4,5,5,2,3,unacc
106,4,4,5,5,3,1,unacc
107,4,4,5,5,3,2,unacc
108,4,4,5,5,3,3,unacc
109,4,3,2,2,1,1,unacc
110,4,3,2,2,1,2,unacc
111,4,3,2,2,1,3,unacc
112,4,3,2,2,2,1,unacc
113,4,3,2,2,2,2,unacc
114,4,3,2,2,2,3,unacc
115,4,3,2,2,3,1,unacc
116,4,3,2,2,3,2,unacc
117,4,3,2,2,3,3,unacc
118,4,3,2,4,1,1,unacc
119,4,3,2,4,1,2,unacc
120,4,3,2,4,1,3,unacc
121,4,3,2,4,2,1,unacc
122,4,3,2,4,2,2,unacc
123,4,3,2,4,2,3,unacc
124,4,3,2,4,3,1,unacc
125,4,3,2,4,3,2,unacc
126,4,3,2,4,3,3,unacc
127,4,3,2,5,1,1,unacc
128,4,3,2,5,1,2,unacc
129,4,3,2,5,1,3,unacc
130,4,3,2,5,2,1,unacc
131,4,3,2,5,2,2,unacc
132,4,3,2,5,2,3,unacc
133,4,3,2,5,3,1,unacc
134,4,3,2,5,3,2,unacc
135,4,3,2,5,3,3,unacc
136,4,3,3,2,1,1,unacc
137,4,3,3,2,1,2,unacc
138,4,3,3,2,1,3,unacc
139,4,3,3,2,2,1,unacc
140,4,3,3,2,2,2,unacc
141,4,3,3,2,2,3,unacc
142,4,3,3,2,3,1,unacc
143,4,3,3,2,3,2,unacc
144,4,3,3,2,3,3,unacc
145,4,3,3,4,1,1,unacc
146,4,3,3,4,1,2,unacc
147,4,3,3,4,1,3,unacc
148,4,3,3,4,2,1,unacc
149,4,3,3,4,2,2,unacc
150,4,3,3,4,2,3,unacc
151,4,3,3,4,3,1,unacc
152,4,3,3,4,3,2,unacc
153,4,3,3,4,3,3,unacc
154,4,3,3,5,1,1,unacc
155,4,3,3,5,1,2,unacc
156,4,3,3,5,1,3,unacc
157,4,3,3,5,2,1,unacc
158,4,3,3,5,2,2,unacc
159,4,3,3,5,2,3,unacc
160,4,3,3,5,3,1,unacc
161,4,3,3,5,3,2,unacc
162,4,3,3,5,3,3,unacc
163,4,3,4,2,1,1,unacc
164,4,3,4,2,1,2,unacc
165,4,3,4,2,1,3,unacc
166,4,3,4,2,2,1,unacc
167,4,3,4,2,2,2,unacc
168,4,3,4,2,2,3,unacc
169,4,3,4,2,3,1,unacc
170,4,3,4,2,3,2,unacc
171,4,3,4,2,3,3,unacc
172,4,3,4,4,1,1,unacc
173,4,3,4,4,1,2,unacc
174,4,3,4,4,1,3,unacc
175,4,3,4,4,2,1,unacc
176,4,3,4,4,2,2,unacc
177,4,3,4,4,2,3,unacc
178,4,3,4,4,3,1,unacc
179,4,3,4,4,3,2,unacc
180,4,3,4,4,3,3,unacc
181,4,3,4,5,1,1,unacc
182,4,3,4,5,1,2,unacc
183,4,3,4,5,1,3,unacc
184,4,3,4,5,2,1,unacc
185,4,3,4,5,2,2,unacc
186,4,3,4,5,2,3,unacc
187,4,3,4,5,3,1,unacc
188,4,3,4,5,3,2,unacc
189,4,3,4,5,3,3,unacc
190,4,3,5,2,1,1,unacc
191,4,3,5,2,1,2,unacc
192,4,3,5,2,1,3,unacc
193,4,3,5,2,2,1,unacc
194,4,3,5,2,2,2,unacc
195,4,3,5,2,2,3,unacc
196,4,3,5,2,3,1,unacc
197,4,3,5,2,3,2,unacc
198,4,3,5,2,3,3,unacc
199,4,3,5,4,1,1,unacc
200,4,3,5,4,1,2,unacc
201,4,3,5,4,1,3,unacc
202,4,3,5,4,2,1,unacc
203,4,3,5,4,2,2,unacc
204,4,3,5,4,2,3,unacc
205,4,3,5,4,3,1,unacc
206,4,3,5,4,3,2,unacc
207,4,3,5,4,3,3,unacc
208,4,3,5,5,1,1,unacc
209,4,3,5,5,1,2,unacc
210,4,3,5,5,1,3,unacc
211,4,3,5,5,2,1,unacc
212,4,3,5,5,2,2,unacc
213,4,3,5,5,2,3,unacc
214,4,3,5,5,3,1,unacc
215,4,3,5,5,3,2,unacc
216,4,3,5,5,3,3,unacc
217,4,2,2,2,1,1,unacc
218,4,2,2,2,1,2,unacc
219,4,2,2,2,1,3,unacc
220,4,2,2,2,2,1,unacc
221,4,2,2,2,2,2,unacc
222,4,2,2,2,2,3,unacc
223,4,2,2,2,3,1,unacc
224,4,2,2,2,3,2,unacc
225,4,2,2,2,3,3,unacc
226,4,2,2,4,1,1,unacc
227,4,2,2,4,1,2,unacc
228,4,2,2,4,1,3,acc
229,4,2,2,4,2,1,unacc
230,4,2,2,4,2,2,unacc
231,4,2,2,4,2,3,acc
232,4,2,2,4,3,1,unacc
233,4,2,2,4,3,2,acc
234,4,2,2,4,3,3,acc
235,4,2,2,5,1,1,unacc
236,4,2,2,5,1,2,unacc
237,4,2,2,5,1,3,unacc
238,4,2,2,5,2,1,unacc
239,4,2,2,5,2,2,unacc
240,4,2,2,5,2,3,acc
241,4,2,2,5,3,1,unacc
242,4,2,2,5,3,2,acc
243,4,2,2,5,3,3,acc
244,4,2,3,2,1,1,unacc
245,4,2,3,2,1,2,unacc
246,4,2,3,2,1,3,unacc
247,4,2,3,2,2,1,unacc
248,4,2,3,2,2,2,unacc
249,4,2,3,2,2,3,unacc
250,4,2,3,2,3,1,unacc
251,4,2,3,2,3,2,unacc
252,4,2,3,2,3,3,unacc
253,4,2,3,4,1,1,unacc
254,4,2,3,4,1,2,unacc
255,4,2,3,4,1,3,acc
256,4,2,3,4,2,1,unacc
257,4,2,3,4,2,2,unacc
258,4,2,3,4,2,3,acc
259,4,2,3,4,3,1,unacc
260,4,2,3,4,3,2,acc
261,4,2,3,4,3,3,acc
262,4,2,3,5,1,1,unacc
263,4,2,3,5,1,2,unacc
264,4,2,3,5,1,3,acc
265,4,2,3,5,2,1,unacc
266,4,2,3,5,2,2,acc
267,4,2,3,5,2,3,acc
268,4,2,3,5,3,1,unacc
269,4,2,3,5,3,2,acc
270,4,2,3,5,3,3,acc
271,4,2,4,2,1,1,unacc
272,4,2,4,2,1,2,unacc
273,4,2,4,2,1,3,unacc
274,4,2,4,2,2,1,unacc
275,4,2,4,2,2,2,unacc
276,4,2,4,2,2,3,unacc
277,4,2,4,2,3,1,unacc
278,4,2,4,2,3,2,unacc
279,4,2,4,2,3,3,unacc
280,4,2,4,4,1,1,unacc
281,4,2,4,4,1,2,unacc
282,4,2,4,4,1,3,acc
283,4,2,4,4,2,1,unacc
284,4,2,4,4,2,2,acc
285,4,2,4,4,2,3,acc
286,4,2,4,4,3,1,unacc
287,4,2,4,4,3,2,acc
288,4,2,4,4,3,3,acc
289,4,2,4,5,1,1,unacc
290,4,2,4,5,1,2,unacc
291,4,2,4,5,1,3,acc
292,4,2,4,5,2,1,unacc
293,4,2,4,5,2,2,acc
294,4,2,4,5,2,3,acc
295,4,2,4,5,3,1,unacc
296,4,2,4,5,3,2,acc
297,4,2,4,5,3,3,acc
298,4,2,5,2,1,1,unacc
299,4,2,5,2,1,2,unacc
300,4,2,5,2,1,3,unacc
301,4,2,5,2,2,1,unacc
302,4,2,5,2,2,2,unacc
303,4,2,5,2,2,3,unacc
304,4,2,5,2,3,1,unacc
305,4,2,5,2,3,2,unacc
306,4,2,5,2,3,3,unacc
307,4,2,5,4,1,1,unacc
308,4,2,5,4,1,2,unacc
309,4,2,5,4,1,3,acc
310,4,2,5,4,2,1,unacc
311,4,2,5,4,2,2,acc
312,4,2,5,4,2,3,acc
313,4,2,5,4,3,1,unacc
314,4,2,5,4,3,2,acc
315,4,2,5,4,3,3,acc
316,4,2,5,5,1,1,unacc
317,4,2,5,5,1,2,unacc
318,4,2,5,5,1,3,acc
319,4,2,5,5,2,1,unacc
320,4,2,5,5,2,2,acc
321,4,2,5,5,2,3,acc
322,4,2,5,5,3,1,unacc
323,4,2,5,5,3,2,acc
324,4,2,5,5,3,3,acc
325,4,1,2,2,1,1,unacc
326,4,1,2,2,1,2,unacc
327,4,1,2,2,1,3,unacc
328,4,1,2,2,2,1,unacc
329,4,1,2,2,2,2,unacc
330,4,1,2,2,2,3,unacc
331,4,1,2,2,3,1,unacc
332,4,1,2,2,3,2,unacc
333,4,1,2,2,3,3,unacc
334,4,1,2,4,1,1,unacc
335,4,1,2,4,1,2,unacc
336,4,1,2,4,1,3,acc
337,4,1,2,4,2,1,unacc
338,4,1,2,4,2,2,unacc
339,4,1,2,4,2,3,acc
340,4,1,2,4,3,1,unacc
341,4,1,2,4,3,2,acc
342,4,1,2,4,3,3,acc
343,4,1,2,5,1,1,unacc
344,4,1,2,5,1,2,unacc
345,4,1,2,5,1,3,unacc
346,4,1,2,5,2,1,unacc
347,4,1,2,5,2,2,unacc
348,4,1,2,5,2,3,acc
349,4,1,2,5,3,1,unacc
350,4,1,2,5,3,2,acc
351,4,1,2,5,3,3,acc
352,4,1,3,2,1,1,unacc
353,4,1,3,2,1,2,unacc
354,4,1,3,2,1,3,unacc
355,4,1,3,2,2,1,unacc
356,4,1,3,2,2,2,unacc
357,4,1,3,2,2,3,unacc
358,4,1,3,2,3,1,unacc
359,4,1,3,2,3,2,unacc
360,4,1,3,2,3,3,unacc
361,4,1,3,4,1,1,unacc
362,4,1,3,4,1,2,unacc
363,4,1,3,4,1,3,acc
364,4,1,3,4,2,1,unacc
365,4,1,3,4,2,2,unacc
366,4,1,3,4,2,3,acc
367,4,1,3,4,3,1,unacc
368,4,1,3,4,3,2,acc
369,4,1,3,4,3,3,acc
370,4,1,3,5,1,1,unacc
371,4,1,3,5,1,2,unacc
372,4,1,3,5,1,3,acc
373,4,1,3,5,2,1,unacc
374,4,1,3,5,2,2,acc
375,4,1,3,5,2,3,acc
376,4,1,3,5,3,1,unacc
377,4,1,3,5,3,2,acc
378,4,1,3,5,3,3,acc
379,4,1,4,2,1,1,unacc
380,4,1,4,2,1,2,unacc
381,4,1,4,2,1,3,unacc
382,4,1,4,2,2,1,unacc
383,4,1,4,2,2,2,unacc
384,4,1,4,2,2,3,unacc
385,4,1,4,2,3,1,unacc
386,4,1,4,2,3,2,unacc
387,4,1,4,2,3,3,unacc
388,4,1,4,4,1,1,unacc
389,4,1,4,4,1,2,unacc
390,4,1,4,4,1,3,acc
391,4,1,4,4,2,1,unacc
392,4,1,4,4,2,2,acc
393,4,1,4,4,2,3,acc
394,4,1,4,4,3,1,unacc
395,4,1,4,4,3,2,acc
396,4,1,4,4,3,3,acc
397,4,1,4,5,1,1,unacc
398,4,1,4,5,1,2,unacc
399,4,1,4,5,1,3,acc
400,4,1,4,5,2,1,unacc
401,4,1,4,5,2,2,acc
402,4,1,4,5,2,3,acc
403,4,1,4,5,3,1,unacc
404,4,1,4,5,3,2,acc
405,4,1,4,5,3,3,acc
406,4,1,5,2,1,1,unacc
407,4,1,5,2,1,2,unacc
408,4,1,5,2,1,3,unacc
409,4,1,5,2,2,1,unacc
410,4,1,5,2,2,2,unacc
411,4,1,5,2,2,3,unacc
412,4,1,5,2,3,1,unacc
413,4,1,5,2,3,2,unacc
414,4,1,5,2,3,3,unacc
415,4,1,5,4,1,1,unacc
416,4,1,5,4,1,2,unacc
417,4,1,5,4,1,3,acc
418,4,1,5,4,2,1,unacc
419,4,1,5,4,2,2,acc
420,4,1,5,4,2,3,acc
421,4,1,5,4,3,1,unacc
422,4,1,5,4,3,2,acc
423,4,1,5,4,3,3,acc
424,4,1,5,5,1,1,unacc
425,4,1,5,5,1,2,unacc
426,4,1,5,5,1,3,acc
427,4,1,5,5,2,1,unacc
428,4,1,5,5,2,2,acc
429,4,1,5,5,2,3,acc
430,4,1,5,5,3,1,unacc
431,4,1,5,5,3,2,acc
432,4,1,5,5,3,3,acc
433,3,4,2,2,1,1,unacc
434,3,4,2,2,1,2,unacc
435,3,4,2,2,1,3,unacc
436,3,4,2,2,2,1,unacc
437,3,4,2,2,2,2,unacc
438,3,4,2,2,2,3,unacc
439,3,4,2,2,3,1,unacc
440,3,4,2,2,3,2,unacc
441,3,4,2,2,3,3,unacc
442,3,4,2,4,1,1,unacc
443,3,4,2,4,1,2,unacc
444,3,4,2,4,1,3,unacc
445,3,4,2,4,2,1,unacc
446,3,4,2,4,2,2,unacc
447,3,4,2,4,2,3,unacc
448,3,4,2,4,3,1,unacc
449,3,4,2,4,3,2,unacc
450,3,4,2,4,3,3,unacc
451,3,4,2,5,1,1,unacc
452,3,4,2,5,1,2,unacc
453,3,4,2,5,1,3,unacc
454,3,4,2,5,2,1,unacc
455,3,4,2,5,2,2,unacc
456,3,4,2,5,2,3,unacc
457,3,4,2,5,3,1,unacc
458,3,4,2,5,3,2,unacc
459,3,4,2,5,3,3,unacc
460,3,4,3,2,1,1,unacc
461,3,4,3,2,1,2,unacc
462,3,4,3,2,1,3,unacc
463,3,4,3,2,2,1,unacc
464,3,4,3,2,2,2,unacc
465,3,4,3,2,2,3,unacc
466,3,4,3,2,3,1,unacc
467,3,4,3,2,3,2,unacc
468,3,4,3,2,3,3,unacc
469,3,4,3,4,1,1,unacc
470,3,4,3,4,1,2,unacc
471,3,4,3,4,1,3,unacc
472,3,4,3,4,2,1,unacc
473,3,4,3,4,2,2,unacc
474,3,4,3,4,2,3,unacc
475,3,4,3,4,3,1,unacc
476,3,4,3,4,3,2,unacc
477,3,4,3,4,3,3,unacc
478,3,4,3,5,1,1,unacc
479,3,4,3,5,1,2,unacc
480,3,4,3,5,1,3,unacc
481,3,4,3,5,2,1,unacc
482,3,4,3,5,2,2,unacc
483,3,4,3,5,2,3,unacc
484,3,4,3,5,3,1,unacc
485,3,4,3,5,3,2,unacc
486,3,4,3,5,3,3,unacc
487,3,4,4,2,1,1,unacc
488,3,4,4,2,1,2,unacc
489,3,4,4,2,1,3,unacc
490,3,4,4,2,2,1,unacc
491,3,4,4,2,2,2,unacc
492,3,4,4,2,2,3,unacc
493,3,4,4,2,3,1,unacc
494,3,4,4,2,3,2,unacc
495,3,4,4,2,3,3,unacc
496,3,4,4,4,1,1,unacc
497,3,4,4,4,1,2,unacc
498,3,4,4,4,1,3,unacc
499,3,4,4,4,2,1,unacc
500,3,4,4,4,2,2,unacc
501,3,4,4,4,2,3,unacc
502,3,4,4,4,3,1,unacc
503,3,4,4,4,3,2,unacc
504,3,4,4,4,3,3,unacc
505,3,4,4,5,1,1,unacc
506,3,4,4,5,1,2,unacc
507,3,4,4,5,1,3,unacc
508,3,4,4,5,2,1,unacc
509,3,4,4,5,2,2,unacc
510,3,4,4,5,2,3,unacc
511,3,4,4,5,3,1,unacc
512,3,4,4,5,3,2,unacc
513,3,4,4,5,3,3,unacc
514,3,4,5,2,1,1,unacc
515,3,4,5,2,1,2,unacc
516,3,4,5,2,1,3,unacc
517,3,4,5,2,2,1,unacc
518,3,4,5,2,2,2,unacc
519,3,4,5,2,2,3,unacc
520,3,4,5,2,3,1,unacc
521,3,4,5,2,3,2,unacc
522,3,4,5,2,3,3,unacc
523,3,4,5,4,1,1,unacc
524,3,4,5,4,1,2,unacc
525,3,4,5,4,1,3,unacc
526,3,4,5,4,2,1,unacc
527,3,4,5,4,2,2,unacc
528,3,4,5,4,2,3,unacc
529,3,4,5,4,3,1,unacc
530,3,4,5,4,3,2,unacc
531,3,4,5,4,3,3,unacc
532,3,4,5,5,1,1,unacc
533,3,4,5,5,1,2,unacc
534,3,4,5,5,1,3,unacc
535,3,4,5,5,2,1,unacc
536,3,4,5,5,2,2,unacc
537,3,4,5,5,2,3,unacc
538,3,4,5,5,3,1,unacc
539,3,4,5,5,3,2,unacc
540,3,4,5,5,3,3,unacc
541,3,3,2,2,1,1,unacc
542,3,3,2,2,1,2,unacc
543,3,3,2,2,1,3,unacc
544,3,3,2,2,2,1,unacc
545,3,3,2,2,2,2,unacc
546,3,3,2,2,2,3,unacc
547,3,3,2,2,3,1,unacc
548,3,3,2,2,3,2,unacc
549,3,3,2,2,3,3,unacc
550,3,3,2,4,1,1,unacc
551,3,3,2,4,1,2,unacc
552,3,3,2,4,1,3,acc
553,3,3,2,4,2,1,unacc
554,3,3,2,4,2,2,unacc
555,3,3,2,4,2,3,acc
556,3,3,2,4,3,1,unacc
557,3,3,2,4,3,2,acc
558,3,3,2,4,3,3,acc
559,3,3,2,5,1,1,unacc
560,3,3,2,5,1,2,unacc
561,3,3,2,5,1,3,unacc
562,3,3,2,5,2,1,unacc
563,3,3,2,5,2,2,unacc
564,3,3,2,5,2,3,acc
565,3,3,2,5,3,1,unacc
566,3,3,2,5,3,2,acc
567,3,3,2,5,3,3,acc
568,3,3,3,2,1,1,unacc
569,3,3,3,2,1,2,unacc
570,3,3,3,2,1,3,unacc
571,3,3,3,2,2,1,unacc
572,3,3,3,2,2,2,unacc
573,3,3,3,2,2,3,unacc
574,3,3,3,2,3,1,unacc
575,3,3,3,2,3,2,unacc
576,3,3,3,2,3,3,unacc
577,3,3,3,4,1,1,unacc
578,3,3,3,4,1,2,unacc
579,3,3,3,4,1,3,acc
580,3,3,3,4,2,1,unacc
581,3,3,3,4,2,2,unacc
582,3,3,3,4,2,3,acc
583,3,3,3,4,3,1,unacc
584,3,3,3,4,3,2,acc
585,3,3,3,4,3,3,acc
586,3,3,3,5,1,1,unacc
587,3,3,3,5,1,2,unacc
588,3,3,3,5,1,3,acc
589,3,3,3,5,2,1,unacc
590,3,3,3,5,2,2,acc
591,3,3,3,5,2,3,acc
592,3,3,3,5,3,1,unacc
593,3,3,3,5,3,2,acc
594,3,3,3,5,3,3,acc
595,3,3,4,2,1,1,unacc
596,3,3,4,2,1,2,unacc
597,3,3,4,2,1,3,unacc
598,3,3,4,2,2,1,unacc
599,3,3,4,2,2,2,unacc
600,3,3,4,2,2,3,unacc
601,3,3,4,2,3,1,unacc
602,3,3,4,2,3,2,unacc
603,3,3,4,2,3,3,unacc
604,3,3,4,4,1,1,unacc
605,3,3,4,4,1,2,unacc
606,3,3,4,4,1,3,acc
607,3,3,4,4,2,1,unacc
608,3,3,4,4,2,2,acc
609,3,3,4,4,2,3,acc
610,3,3,4,4,3,1,unacc
611,3,3,4,4,3,2,acc
612,3,3,4,4,3,3,acc
613,3,3,4,5,1,1,unacc
614,3,3,4,5,1,2,unacc
615,3,3,4,5,1,3,acc
616,3,3,4,5,2,1,unacc
617,3,3,4,5,2,2,acc
618,3,3,4,5,2,3,acc
619,3,3,4,5,3,1,unacc
620,3,3,4,5,3,2,acc
621,3,3,4,5,3,3,acc
622,3,3,5,2,1,1,unacc
623,3,3,5,2,1,2,unacc
624,3,3,5,2,1,3,unacc
625,3,3,5,2,2,1,unacc
626,3,3,5,2,2,2,unacc
627,3,3,5,2,2,3,unacc
628,3,3,5,2,3,1,unacc
629,3,3,5,2,3,2,unacc
630,3,3,5,2,3,3,unacc
631,3,3,5,4,1,1,unacc
632,3,3,5,4,1,2,unacc
633,3,3,5,4,1,3,acc
634,3,3,5,4,2,1,unacc
635,3,3,5,4,2,2,acc
636,3,3,5,4,2,3,acc
637,3,3,5,4,3,1,unacc
638,3,3,5,4,3,2,acc
639,3,3,5,4,3,3,acc
640,3,3,5,5,1,1,unacc
641,3,3,5,5,1,2,unacc
642,3,3,5,5,1,3,acc
643,3,3,5,5,2,1,unacc
644,3,3,5,5,2,2,acc
645,3,3,5,5,2,3,acc
646,3,3,5,5,3,1,unacc
647,3,3,5,5,3,2,acc
648,3,3,5,5,3,3,acc
649,3,2,2,2,1,1,unacc
650,3,2,2,2,1,2,unacc
651,3,2,2,2,1,3,unacc
652,3,2,2,2,2,1,unacc
653,3,2,2,2,2,2,unacc
654,3,2,2,2,2,3,unacc
655,3,2,2,2,3,1,unacc
656,3,2,2,2,3,2,unacc
657,3,2,2,2,3,3,unacc
658,3,2,2,4,1,1,unacc
659,3,2,2,4,1,2,unacc
660,3,2,2,4,1,3,acc
661,3,2,2,4,2,1,unacc
662,3,2,2,4,2,2,unacc
663,3,2,2,4,2,3,acc
664,3,2,2,4,3,1,unacc
665,3,2,2,4,3,2,acc
666,3,2,2,4,3,3,acc
667,3,2,2,5,1,1,unacc
668,3,2,2,5,1,2,unacc
669,3,2,2,5,1,3,unacc
670,3,2,2,5,2,1,unacc
671,3,2,2,5,2,2,unacc
672,3,2,2,5,2,3,acc
673,3,2,2,5,3,1,unacc
674,3,2,2,5,3,2,acc
675,3,2,2,5,3,3,acc
676,3,2,3,2,1,1,unacc
677,3,2,3,2,1,2,unacc
678,3,2,3,2,1,3,unacc
679,3,2,3,2,2,1,unacc
680,3,2,3,2,2,2,unacc
681,3,2,3,2,2,3,unacc
682,3,2,3,2,3,1,unacc
683,3,2,3,2,3,2,unacc
684,3,2,3,2,3,3,unacc
685,3,2,3,4,1,1,unacc
686,3,2,3,4,1,2,unacc
687,3,2,3,4,1,3,acc
688,3,2,3,4,2,1,unacc
689,3,2,3,4,2,2,unacc
690,3,2,3,4,2,3,acc
691,3,2,3,4,3,1,unacc
692,3,2,3,4,3,2,acc
693,3,2,3,4,3,3,acc
694,3,2,3,5,1,1,unacc
695,3,2,3,5,1,2,unacc
696,3,2,3,5,1,3,acc
697,3,2,3,5,2,1,unacc
698,3,2,3,5,2,2,acc
699,3,2,3,5,2,3,acc
700,3,2,3,5,3,1,unacc
701,3,2,3,5,3,2,acc
702,3,2,3,5,3,3,acc
703,3,2,4,2,1,1,unacc
704,3,2,4,2,1,2,unacc
705,3,2,4,2,1,3,unacc
706,3,2,4,2,2,1,unacc
707,3,2,4,2,2,2,unacc
708,3,2,4,2,2,3,unacc
709,3,2,4,2,3,1,unacc
710,3,2,4,2,3,2,unacc
711,3,2,4,2,3,3,unacc
712,3,2,4,4,1,1,unacc
713,3,2,4,4,1,2,unacc
714,3,2,4,4,1,3,acc
715,3,2,4,4,2,1,unacc
716,3,2,4,4,2,2,acc
717,3,2,4,4,2,3,acc
718,3,2,4,4,3,1,unacc
719,3,2,4,4,3,2,acc
720,3,2,4,4,3,3,acc
721,3,2,4,5,1,1,unacc
722,3,2,4,5,1,2,unacc
723,3,2,4,5,1,3,acc
724,3,2,4,5,2,1,unacc
725,3,2,4,5,2,2,acc
726,3,2,4,5,2,3,acc
727,3,2,4,5,3,1,unacc
728,3,2,4,5,3,2,acc
729,3,2,4,5,3,3,acc
730,3,2,5,2,1,1,unacc
731,3,2,5,2,1,2,unacc
732,3,2,5,2,1,3,unacc
733,3,2,5,2,2,1,unacc
734,3,2,5,2,2,2,unacc
735,3,2,5,2,2,3,unacc
736,3,2,5,2,3,1,unacc
737,3,2,5,2,3,2,unacc
738,3,2,5,2,3,3,unacc
739,3,2,5,4,1,1,unacc
740,3,2,5,4,1,2,unacc
741,3,2,5,4,1,3,acc
742,3,2,5,4,2,1,unacc
743,3,2,5,4,2,2,acc
744,3,2,5,4,2,3,acc
745,3,2,5,4,3,1,unacc
746,3,2,5,4,3,2,acc
747,3,2,5,4,3,3,acc
748,3,2,5,5,1,1,unacc
749,3,2,5,5,1,2,unacc
750,3,2,5,5,1,3,acc
751,3,2,5,5,2,1,unacc
752,3,2,5,5,2,2,acc
753,3,2,5,5,2,3,acc
754,3,2,5,5,3,1,unacc
755,3,2,5,5,3,2,acc
756,3,2,5,5,3,3,acc
757,3,1,2,2,1,1,unacc
758,3,1,2,2,1,2,unacc
759,3,1,2,2,1,3,unacc
760,3,1,2,2,2,1,unacc
761,3,1,2,2,2,2,unacc
762,3,1,2,2,2,3,unacc
763,3,1,2,2,3,1,unacc
764,3,1,2,2,3,2,unacc
765,3,1,2,2,3,3,unacc
766,3,1,2,4,1,1,unacc
767,3,1,2,4,1,2,unacc
768,3,1,2,4,1,3,acc
769,3,1,2,4,2,1,unacc
770,3,1,2,4,2,2,unacc
771,3,1,2,4,2,3,acc
772,3,1,2,4,3,1,unacc
773,3,1,2,4,3,2,acc
774,3,1,2,4,3,3,acc
775,3,1,2,5,1,1,unacc
776,3,1,2,5,1,2,unacc
777,3,1,2,5,1,3,unacc
778,3,1,2,5,2,1,unacc
779,3,1,2,5,2,2,unacc
780,3,1,2,5,2,3,acc
781,3,1,2,5,3,1,unacc
782,3,1,2,5,3,2,acc
783,3,1,2,5,3,3,acc
784,3,1,3,2,1,1,unacc
785,3,1,3,2,1,2,unacc
786,3,1,3,2,1,3,unacc
787,3,1,3,2,2,1,unacc
788,3,1,3,2,2,2,unacc
789,3,1,3,2,2,3,unacc
790,3,1,3,2,3,1,unacc
791,3,1,3,2,3,2,unacc
792,3,1,3,2,3,3,unacc
793,3,1,3,4,1,1,unacc
794,3,1,3,4,1,2,unacc
795,3,1,3,4,1,3,acc
796,3,1,3,4,2,1,unacc
797,3,1,3,4,2,2,unacc
798,3,1,3,4,2,3,acc
799,3,1,3,4,3,1,unacc
800,3,1,3,4,3,2,acc
801,3,1,3,4,3,3,acc
802,3,1,3,5,1,1,unacc
803,3,1,3,5,1,2,unacc
804,3,1,3,5,1,3,acc
805,3,1,3,5,2,1,unacc
806,3,1,3,5,2,2,acc
807,3,1,3,5,2,3,acc
808,3,1,3,5,3,1,unacc
809,3,1,3,5,3,2,acc
810,3,1,3,5,3,3,acc
811,3,1,4,2,1,1,unacc
812,3,1,4,2,1,2,unacc
813,3,1,4,2,1,3,unacc
814,3,1,4,2,2,1,unacc
815,3,1,4,2,2,2,unacc
816,3,1,4,2,2,3,unacc
817,3,1,4,2,3,1,unacc
818,3,1,4,2,3,2,unacc
819,3,1,4,2,3,3,unacc
820,3,1,4,4,1,1,unacc
821,3,1,4,4,1,2,unacc
822,3,1,4,4,1,3,acc
823,3,1,4,4,2,1,unacc
824,3,1,4,4,2,2,acc
825,3,1,4,4,2,3,acc
826,3,1,4,4,3,1,unacc
827,3,1,4,4,3,2,acc
828,3,1,4,4,3,3,acc
829,3,1,4,5,1,1,unacc
830,3,1,4,5,1,2,unacc
831,3,1,4,5,1,3,acc
832,3,1,4,5,2,1,unacc
833,3,1,4,5,2,2,acc
834,3,1,4,5,2,3,acc
835,3,1,4,5,3,1,unacc
836,3,1,4,5,3,2,acc
837,3,1,4,5,3,3,acc
838,3,1,5,2,1,1,unacc
839,3,1,5,2,1,2,unacc
840,3,1,5,2,1,3,unacc
841,3,1,5,2,2,1,unacc
842,3,1,5,2,2,2,unacc
843,3,1,5,2,2,3,unacc
844,3,1,5,2,3,1,unacc
845,3,1,5,2,3,2,unacc
846,3,1,5,2,3,3,unacc
847,3,1,5,4,1,1,unacc
848,3,1,5,4,1,2,unacc
849,3,1,5,4,1,3,acc
850,3,1,5,4,2,1,unacc
851,3,1,5,4,2,2,acc
852,3,1,5,4,2,3,acc
853,3,1,5,4,3,1,unacc
854,3,1,5,4,3,2,acc
855,3,1,5,4,3,3,acc
856,3,1,5,5,1,1,unacc
857,3,1,5,5,1,2,unacc
858,3,1,5,5,1,3,acc
859,3,1,5,5,2,1,unacc
860,3,1,5,5,2,2,acc
861,3,1,5,5,2,3,acc
862,3,1,5,5,3,1,unacc
863,3,1,5,5,3,2,acc
864,3,1,5,5,3,3,acc
865,2,4,2,2,1,1,unacc
866,2,4,2,2,1,2,unacc
867,2,4,2,2,1,3,unacc
868,2,4,2,2,2,1,unacc
869,2,4,2,2,2,2,unacc
870,2,4,2,2,2,3,unacc
871,2,4,2,2,3,1,unacc
872,2,4,2,2,3,2,unacc
873,2,4,2,2,3,3,unacc
874,2,4,2,4,1,1,unacc
875,2,4,2,4,1,2,unacc
876,2,4,2,4,1,3,acc
877,2,4,2,4,2,1,unacc
878,2,4,2,4,2,2,unacc
879,2,4,2,4,2,3,acc
880,2,4,2,4,3,1,unacc
881,2,4,2,4,3,2,acc
882,2,4,2,4,3,3,acc
883,2,4,2,5,1,1,unacc
884,2,4,2,5,1,2,unacc
885,2,4,2,5,1,3,unacc
886,2,4,2,5,2,1,unacc
887,2,4,2,5,2,2,unacc
888,2,4,2,5,2,3,acc
889,2,4,2,5,3,1,unacc
890,2,4,2,5,3,2,acc
891,2,4,2,5,3,3,acc
892,2,4,3,2,1,1,unacc
893,2,4,3,2,1,2,unacc
894,2,4,3,2,1,3,unacc
895,2,4,3,2,2,1,unacc
896,2,4,3,2,2,2,unacc
897,2,4,3,2,2,3,unacc
898,2,4,3,2,3,1,unacc
899,2,4,3,2,3,2,unacc
900,2,4,3,2,3,3,unacc
901,2,4,3,4,1,1,unacc
902,2,4,3,4,1,2,unacc
903,2,4,3,4,1,3,acc
904,2,4,3,4,2,1,unacc
905,2,4,3,4,2,2,unacc
906,2,4,3,4,2,3,acc
907,2,4,3,4,3,1,unacc
908,2,4,3,4,3,2,acc
909,2,4,3,4,3,3,acc
910,2,4,3,5,1,1,unacc
911,2,4,3,5,1,2,unacc
912,2,4,3,5,1,3,acc
913,2,4,3,5,2,1,unacc
914,2,4,3,5,2,2,acc
915,2,4,3,5,2,3,acc
916,2,4,3,5,3,1,unacc
917,2,4,3,5,3,2,acc
918,2,4,3,5,3,3,acc
919,2,4,4,2,1,1,unacc
920,2,4,4,2,1,2,unacc
921,2,4,4,2,1,3,unacc
922,2,4,4,2,2,1,unacc
923,2,4,4,2,2,2,unacc
924,2,4,4,2,2,3,unacc
925,2,4,4,2,3,1,unacc
926,2,4,4,2,3,2,unacc
927,2,4,4,2,3,3,unacc
928,2,4,4,4,1,1,unacc
929,2,4,4,4,1,2,unacc
930,2,4,4,4,1,3,acc
931,2,4,4,4,2,1,unacc
932,2,4,4,4,2,2,acc
933,2,4,4,4,2,3,acc
934,2,4,4,4,3,1,unacc
935,2,4,4,4,3,2,acc
936,2,4,4,4,3,3,acc
937,2,4,4,5,1,1,unacc
938,2,4,4,5,1,2,unacc
939,2,4,4,5,1,3,acc
940,2,4,4,5,2,1,unacc
941,2,4,4,5,2,2,acc
942,2,4,4,5,2,3,acc
943,2,4,4,5,3,1,unacc
944,2,4,4,5,3,2,acc
945,2,4,4,5,3,3,acc
946,2,4,5,2,1,1,unacc
947,2,4,5,2,1,2,unacc
948,2,4,5,2,1,3,unacc
949,2,4,5,2,2,1,unacc
950,2,4,5,2,2,2,unacc
951,2,4,5,2,2,3,unacc
952,2,4,5,2,3,1,unacc
953,2,4,5,2,3,2,unacc
954,2,4,5,2,3,3,unacc
955,2,4,5,4,1,1,unacc
956,2,4,5,4,1,2,unacc
957,2,4,5,4,1,3,acc
958,2,4,5,4,2,1,unacc
959,2,4,5,4,2,2,acc
960,2,4,5,4,2,3,acc
961,2,4,5,4,3,1,unacc
962,2,4,5,4,3,2,acc
963,2,4,5,4,3,3,acc
964,2,4,5,5,1,1,unacc
965,2,4,5,5,1,2,unacc
966,2,4,5,5,1,3,acc
967,2,4,5,5,2,1,unacc
968,2,4,5,5,2,2,acc
969,2,4,5,5,2,3,acc
970,2,4,5,5,3,1,unacc
971,2,4,5,5,3,2,acc
972,2,4,5,5,3,3,acc
973,2,3,2,2,1,1,unacc
974,2,3,2,2,1,2,unacc
975,2,3,2,2,1,3,unacc
976,2,3,2,2,2,1,unacc
977,2,3,2,2,2,2,unacc
978,2,3,2,2,2,3,unacc
979,2,3,2,2,3,1,unacc
980,2,3,2,2,3,2,unacc
981,2,3,2,2,3,3,unacc
982,2,3,2,4,1,1,unacc
983,2,3,2,4,1,2,unacc
984,2,3,2,4,1,3,acc
985,2,3,2,4,2,1,unacc
986,2,3,2,4,2,2,unacc
987,2,3,2,4,2,3,acc
988,2,3,2,4,3,1,unacc
989,2,3,2,4,3,2,acc
990,2,3,2,4,3,3,acc
991,2,3,2,5,1,1,unacc
992,2,3,2,5,1,2,unacc
993,2,3,2,5,1,3,unacc
994,2,3,2,5,2,1,unacc
995,2,3,2,5,2,2,unacc
996,2,3,2,5,2,3,acc
997,2,3,2,5,3,1,unacc
998,2,3,2,5,3,2,acc
999,2,3,2,5,3,3,acc
1000,2,3,3,2,1,1,unacc
1001,2,3,3,2,1,2,unacc
1002,2,3,3,2,1,3,unacc
1003,2,3,3,2,2,1,unacc
1004,2,3,3,2,2,2,unacc
1005,2,3,3,2,2,3,unacc
1006,2,3,3,2,3,1,unacc
1007,2,3,3,2,3,2,unacc
1008,2,3,3,2,3,3,unacc
1009,2,3,3,4,1,1,unacc
1010,2,3,3,4,1,2,unacc
1011,2,3,3,4,1,3,acc
1012,2,3,3,4,2,1,unacc
1013,2,3,3,4,2,2,unacc
1014,2,3,3,4,2,3,acc
1015,2,3,3,4,3,1,unacc
1016,2,3,3,4,3,2,acc
1017,2,3,3,4,3,3,acc
1018,2,3,3,5,1,1,unacc
1019,2,3,3,5,1,2,unacc
1020,2,3,3,5,1,3,acc
1021,2,3,3,5,2,1,unacc
1022,2,3,3,5,2,2,acc
1023,2,3,3,5,2,3,acc
1024,2,3,3,5,3,1,unacc
1025,2,3,3,5,3,2,acc
1026,2,3,3,5,3,3,acc
1027,2,3,4,2,1,1,unacc
1028,2,3,4,2,1,2,unacc
1029,2,3,4,2,1,3,unacc
1030,2,3,4,2,2,1,unacc
1031,2,3,4,2,2,2,unacc
1032,2,3,4,2,2,3,unacc
1033,2,3,4,2,3,1,unacc
1034,2,3,4,2,3,2,unacc
1035,2,3,4,2,3,3,unacc
1036,2,3,4,4,1,1,unacc
1037,2,3,4,4,1,2,unacc
1038,2,3,4,4,1,3,acc
1039,2,3,4,4,2,1,unacc
1040,2,3,4,4,2,2,acc
1041,2,3,4,4,2,3,acc
1042,2,3,4,4,3,1,unacc
1043,2,3,4,4,3,2,acc
1044,2,3,4,4,3,3,acc
1045,2,3,4,5,1,1,unacc
1046,2,3,4,5,1,2,unacc
1047,2,3,4,5,1,3,acc
1048,2,3,4,5,2,1,unacc
1049,2,3,4,5,2,2,acc
1050,2,3,4,5,2,3,acc
1051,2,3,4,5,3,1,unacc
1052,2,3,4,5,3,2,acc
1053,2,3,4,5,3,3,acc
1054,2,3,5,2,1,1,unacc
1055,2,3,5,2,1,2,unacc
1056,2,3,5,2,1,3,unacc
1057,2,3,5,2,2,1,unacc
1058,2,3,5,2,2,2,unacc
1059,2,3,5,2,2,3,unacc
1060,2,3,5,2,3,1,unacc
1061,2,3,5,2,3,2,unacc
1062,2,3,5,2,3,3,unacc
1063,2,3,5,4,1,1,unacc
1064,2,3,5,4,1,2,unacc
1065,2,3,5,4,1,3,acc
1066,2,3,5,4,2,1,unacc
1067,2,3,5,4,2,2,acc
1068,2,3,5,4,2,3,acc
1069,2,3,5,4,3,1,unacc
1070,2,3,5,4,3,2,acc
1071,2,3,5,4,3,3,acc
1072,2,3,5,5,1,1,unacc
1073,2,3,5,5,1,2,unacc
1074,2,3,5,5,1,3,acc
1075,2,3,5,5,2,1,unacc
1076,2,3,5,5,2,2,acc
1077,2,3,5,5,2,3,acc
1078,2,3,5,5,3,1,unacc
1079,2,3,5,5,3,2,acc
1080,2,3,5,5,3,3,acc
1081,2,2,2,2,1,1,unacc
1082,2,2,2,2,1,2,unacc
1083,2,2,2,2,1,3,unacc
1084,2,2,2,2,2,1,unacc
1085,2,2,2,2,2,2,unacc
1086,2,2,2,2,2,3,unacc
1087,2,2,2,2,3,1,unacc
1088,2,2,2,2,3,2,unacc
1089,2,2,2,2,3,3,unacc
1090,2,2,2,4,1,1,unacc
1091,2,2,2,4,1,2,acc
1092,2,2,2,4,1,3,acc
1093,2,2,2,4,2,1,unacc
1094,2,2,2,4,2,2,acc
1095,2,2,2,4,2,3,acc
1096,2,2,2,4,3,1,unacc
1097,2,2,2,4,3,2,acc
1098,2,2,2,4,3,3,vgood
1099,2,2,2,5,1,1,unacc
1100,2,2,2,5,1,2,unacc
1101,2,2,2,5,1,3,unacc
1102,2,2,2,5,2,1,unacc
1103,2,2,2,5,2,2,acc
1104,2,2,2,5,2,3,acc
1105,2,2,2,5,3,1,unacc
1106,2,2,2,5,3,2,acc
1107,2,2,2,5,3,3,vgood
1108,2,2,3,2,1,1,unacc
1109,2,2,3,2,1,2,unacc
1110,2,2,3,2,1,3,unacc
1111,2,2,3,2,2,1,unacc
1112,2,2,3,2,2,2,unacc
1113,2,2,3,2,2,3,unacc
1114,2,2,3,2,3,1,unacc
1115,2,2,3,2,3,2,unacc
1116,2,2,3,2,3,3,unacc
1117,2,2,3,4,1,1,unacc
1118,2,2,3,4,1,2,acc
1119,2,2,3,4,1,3,acc
1120,2,2,3,4,2,1,unacc
1121,2,2,3,4,2,2,acc
1122,2,2,3,4,2,3,acc
1123,2,2,3,4,3,1,unacc
1124,2,2,3,4,3,2,acc
1125,2,2,3,4,3,3,vgood
1126,2,2,3,5,1,1,unacc
1127,2,2,3,5,1,2,acc
1128,2,2,3,5,1,3,acc
1129,2,2,3,5,2,1,unacc
1130,2,2,3,5,2,2,acc
1131,2,2,3,5,2,3,vgood
1132,2,2,3,5,3,1,unacc
1133,2,2,3,5,3,2,acc
1134,2,2,3,5,3,3,vgood
1135,2,2,4,2,1,1,unacc
1136,2,2,4,2,1,2,unacc
1137,2,2,4,2,1,3,unacc
1138,2,2,4,2,2,1,unacc
1139,2,2,4,2,2,2,unacc
1140,2,2,4,2,2,3,unacc
1141,2,2,4,2,3,1,unacc
1142,2,2,4,2,3,2,unacc
1143,2,2,4,2,3,3,unacc
1144,2,2,4,4,1,1,unacc
1145,2,2,4,4,1,2,acc
1146,2,2,4,4,1,3,acc
1147,2,2,4,4,2,1,unacc
1148,2,2,4,4,2,2,acc
1149,2,2,4,4,2,3,vgood
1150,2,2,4,4,3,1,unacc
1151,2,2,4,4,3,2,acc
1152,2,2,4,4,3,3,vgood
1153,2,2,4,5,1,1,unacc
1154,2,2,4,5,1,2,acc
1155,2,2,4,5,1,3,acc
1156,2,2,4,5,2,1,unacc
1157,2,2,4,5,2,2,acc
1158,2,2,4,5,2,3,vgood
1159,2,2,4,5,3,1,unacc
1160,2,2,4,5,3,2,acc
1161,2,2,4,5,3,3,vgood
1162,2,2,5,2,1,1,unacc
1163,2,2,5,2,1,2,unacc
1164,2,2,5,2,1,3,unacc
1165,2,2,5,2,2,1,unacc
1166,2,2,5,2,2,2,unacc
1167,2,2,5,2,2,3,unacc
1168,2,2,5,2,3,1,unacc
1169,2,2,5,2,3,2,unacc
1170,2,2,5,2,3,3,unacc
1171,2,2,5,4,1,1,unacc
1172,2,2,5,4,1,2,acc
1173,2,2,5,4,1,3,acc
1174,2,2,5,4,2,1,unacc
1175,2,2,5,4,2,2,acc
1176,2,2,5,4,2,3,vgood
1177,2,2,5,4,3,1,unacc
1178,2,2,5,4,3,2,acc
1179,2,2,5,4,3,3,vgood
1180,2,2,5,5,1,1,unacc
1181,2,2,5,5,1,2,acc
1182,2,2,5,5,1,3,acc
1183,2,2,5,5,2,1,unacc
1184,2,2,5,5,2,2,acc
1185,2,2,5,5,2,3,vgood
1186,2,2,5,5,3,1,unacc
1187,2,2,5,5,3,2,acc
1188,2,2,5,5,3,3,vgood
1189,2,1,2,2,1,1,unacc
1190,2,1,2,2,1,2,unacc
1191,2,1,2,2,1,3,unacc
1192,2,1,2,2,2,1,unacc
1193,2,1,2,2,2,2,unacc
1194,2,1,2,2,2,3,unacc
1195,2,1,2,2,3,1,unacc
1196,2,1,2,2,3,2,unacc
1197,2,1,2,2,3,3,unacc
1198,2,1,2,4,1,1,unacc
1199,2,1,2,4,1,2,acc
1200,2,1,2,4,1,3,good
1201,2,1,2,4,2,1,unacc
1202,2,1,2,4,2,2,acc
1203,2,1,2,4,2,3,good
1204,2,1,2,4,3,1,unacc
1205,2,1,2,4,3,2,good
1206,2,1,2,4,3,3,vgood
1207,2,1,2,5,1,1,unacc
1208,2,1,2,5,1,2,unacc
1209,2,1,2,5,1,3,unacc
1210,2,1,2,5,2,1,unacc
1211,2,1,2,5,2,2,acc
1212,2,1,2,5,2,3,good
1213,2,1,2,5,3,1,unacc
1214,2,1,2,5,3,2,good
1215,2,1,2,5,3,3,vgood
1216,2,1,3,2,1,1,unacc
1217,2,1,3,2,1,2,unacc
1218,2,1,3,2,1,3,unacc
1219,2,1,3,2,2,1,unacc
1220,2,1,3,2,2,2,unacc
1221,2,1,3,2,2,3,unacc
1222,2,1,3,2,3,1,unacc
1223,2,1,3,2,3,2,unacc
1224,2,1,3,2,3,3,unacc
1225,2,1,3,4,1,1,unacc
1226,2,1,3,4,1,2,acc
1227,2,1,3,4,1,3,good
1228,2,1,3,4,2,1,unacc
1229,2,1,3,4,2,2,acc
1230,2,1,3,4,2,3,good
1231,2,1,3,4,3,1,unacc
1232,2,1,3,4,3,2,good
1233,2,1,3,4,3,3,vgood
1234,2,1,3,5,1,1,unacc
1235,2,1,3,5,1,2,acc
1236,2,1,3,5,1,3,good
1237,2,1,3,5,2,1,unacc
1238,2,1,3,5,2,2,good
1239,2,1,3,5,2,3,vgood
1240,2,1,3,5,3,1,unacc
1241,2,1,3,5,3,2,good
1242,2,1,3,5,3,3,vgood
1243,2,1,4,2,1,1,unacc
1244,2,1,4,2,1,2,unacc
1245,2,1,4,2,1,3,unacc
1246,2,1,4,2,2,1,unacc
1247,2,1,4,2,2,2,unacc
1248,2,1,4,2,2,3,unacc
1249,2,1,4,2,3,1,unacc
1250,2,1,4,2,3,2,unacc
1251,2,1,4,2,3,3,unacc
1252,2,1,4,4,1,1,unacc
1253,2,1,4,4,1,2,acc
1254,2,1,4,4,1,3,good
1255,2,1,4,4,2,1,unacc
1256,2,1,4,4,2,2,good
1257,2,1,4,4,2,3,vgood
1258,2,1,4,4,3,1,unacc
1259,2,1,4,4,3,2,good
1260,2,1,4,4,3,3,vgood
1261,2,1,4,5,1,1,unacc
1262,2,1,4,5,1,2,acc
1263,2,1,4,5,1,3,good
1264,2,1,4,5,2,1,unacc
1265,2,1,4,5,2,2,good
1266,2,1,4,5,2,3,vgood
1267,2,1,4,5,3,1,unacc
1268,2,1,4,5,3,2,good
1269,2,1,4,5,3,3,vgood
1270,2,1,5,2,1,1,unacc
1271,2,1,5,2,1,2,unacc
1272,2,1,5,2,1,3,unacc
1273,2,1,5,2,2,1,unacc
1274,2,1,5,2,2,2,unacc
1275,2,1,5,2,2,3,unacc
1276,2,1,5,2,3,1,unacc
1277,2,1,5,2,3,2,unacc
1278,2,1,5,2,3,3,unacc
1279,2,1,5,4,1,1,unacc
1280,2,1,5,4,1,2,acc
1281,2,1,5,4,1,3,good
1282,2,1,5,4,2,1,unacc
1283,2,1,5,4,2,2,good
1284,2,1,5,4,2,3,vgood
1285,2,1,5,4,3,1,unacc
1286,2,1,5,4,3,2,good
1287,2,1,5,4,3,3,vgood
1288,2,1,5,5,1,1,unacc
1289,2,1,5,5,1,2,acc
1290,2,1,5,5,1,3,good
1291,2,1,5,5,2,1,unacc
1292,2,1,5,5,2,2,good
1293,2,1,5,5,2,3,vgood
1294,2,1,5,5,3,1,unacc
1295,2,1,5,5,3,2,good
1296,2,1,5,5,3,3,vgood
1297,1,4,2,2,1,1,unacc
1298,1,4,2,2,1,2,unacc
1299,1,4,2,2,1,3,unacc
1300,1,4,2,2,2,1,unacc
1301,1,4,2,2,2,2,unacc
1302,1,4,2,2,2,3,unacc
1303,1,4,2,2,3,1,unacc
1304,1,4,2,2,3,2,unacc
1305,1,4,2,2,3,3,unacc
1306,1,4,2,4,1,1,unacc
1307,1,4,2,4,1,2,unacc
1308,1,4,2,4,1,3,acc
1309,1,4,2,4,2,1,unacc
1310,1,4,2,4,2,2,unacc
1311,1,4,2,4,2,3,acc
1312,1,4,2,4,3,1,unacc
1313,1,4,2,4,3,2,acc
1314,1,4,2,4,3,3,acc
1315,1,4,2,5,1,1,unacc
1316,1,4,2,5,1,2,unacc
1317,1,4,2,5,1,3,unacc
1318,1,4,2,5,2,1,unacc
1319,1,4,2,5,2,2,unacc
1320,1,4,2,5,2,3,acc
1321,1,4,2,5,3,1,unacc
1322,1,4,2,5,3,2,acc
1323,1,4,2,5,3,3,acc
1324,1,4,3,2,1,1,unacc
1325,1,4,3,2,1,2,unacc
1326,1,4,3,2,1,3,unacc
1327,1,4,3,2,2,1,unacc
1328,1,4,3,2,2,2,unacc
1329,1,4,3,2,2,3,unacc
1330,1,4,3,2,3,1,unacc
1331,1,4,3,2,3,2,unacc
1332,1,4,3,2,3,3,unacc
1333,1,4,3,4,1,1,unacc
1334,1,4,3,4,1,2,unacc
1335,1,4,3,4,1,3,acc
1336,1,4,3,4,2,1,unacc
1337,1,4,3,4,2,2,unacc
1338,1,4,3,4,2,3,acc
1339,1,4,3,4,3,1,unacc
1340,1,4,3,4,3,2,acc
1341,1,4,3,4,3,3,acc
1342,1,4,3,5,1,1,unacc
1343,1,4,3,5,1,2,unacc
1344,1,4,3,5,1,3,acc
1345,1,4,3,5,2,1,unacc
1346,1,4,3,5,2,2,acc
1347,1,4,3,5,2,3,acc
1348,1,4,3,5,3,1,unacc
1349,1,4,3,5,3,2,acc
1350,1,4,3,5,3,3,acc
1351,1,4,4,2,1,1,unacc
1352,1,4,4,2,1,2,unacc
1353,1,4,4,2,1,3,unacc
1354,1,4,4,2,2,1,unacc
1355,1,4,4,2,2,2,unacc
1356,1,4,4,2,2,3,unacc
1357,1,4,4,2,3,1,unacc
1358,1,4,4,2,3,2,unacc
1359,1,4,4,2,3,3,unacc
1360,1,4,4,4,1,1,unacc
1361,1,4,4,4,1,2,unacc
1362,1,4,4,4,1,3,acc
1363,1,4,4,4,2,1,unacc
1364,1,4,4,4,2,2,acc
1365,1,4,4,4,2,3,acc
1366,1,4,4,4,3,1,unacc
1367,1,4,4,4,3,2,acc
1368,1,4,4,4,3,3,acc
1369,1,4,4,5,1,1,unacc
1370,1,4,4,5,1,2,unacc
1371,1,4,4,5,1,3,acc
1372,1,4,4,5,2,1,unacc
1373,1,4,4,5,2,2,acc
1374,1,4,4,5,2,3,acc
1375,1,4,4,5,3,1,unacc
1376,1,4,4,5,3,2,acc
1377,1,4,4,5,3,3,acc
1378,1,4,5,2,1,1,unacc
1379,1,4,5,2,1,2,unacc
1380,1,4,5,2,1,3,unacc
1381,1,4,5,2,2,1,unacc
1382,1,4,5,2,2,2,unacc
1383,1,4,5,2,2,3,unacc
1384,1,4,5,2,3,1,unacc
1385,1,4,5,2,3,2,unacc
1386,1,4,5,2,3,3,unacc
1387,1,4,5,4,1,1,unacc
1388,1,4,5,4,1,2,unacc
1389,1,4,5,4,1,3,acc
1390,1,4,5,4,2,1,unacc
1391,1,4,5,4,2,2,acc
1392,1,4,5,4,2,3,acc
1393,1,4,5,4,3,1,unacc
1394,1,4,5,4,3,2,acc
1395,1,4,5,4,3,3,acc
1396,1,4,5,5,1,1,unacc
1397,1,4,5,5,1,2,unacc
1398,1,4,5,5,1,3,acc
1399,1,4,5,5,2,1,unacc
1400,1,4,5,5,2,2,acc
1401,1,4,5,5,2,3,acc
1402,1,4,5,5,3,1,unacc
1403,1,4,5,5,3,2,acc
1404,1,4,5,5,3,3,acc
1405,1,3,2,2,1,1,unacc
1406,1,3,2,2,1,2,unacc
1407,1,3,2,2,1,3,unacc
1408,1,3,2,2,2,1,unacc
1409,1,3,2,2,2,2,unacc
1410,1,3,2,2,2,3,unacc
1411,1,3,2,2,3,1,unacc
1412,1,3,2,2,3,2,unacc
1413,1,3,2,2,3,3,unacc
1414,1,3,2,4,1,1,unacc
1415,1,3,2,4,1,2,acc
1416,1,3,2,4,1,3,acc
1417,1,3,2,4,2,1,unacc
1418,1,3,2,4,2,2,acc
1419,1,3,2,4,2,3,acc
1420,1,3,2,4,3,1,unacc
1421,1,3,2,4,3,2,acc
1422,1,3,2,4,3,3,vgood
1423,1,3,2,5,1,1,unacc
1424,1,3,2,5,1,2,unacc
1425,1,3,2,5,1,3,unacc
1426,1,3,2,5,2,1,unacc
1427,1,3,2,5,2,2,acc
1428,1,3,2,5,2,3,acc
1429,1,3,2,5,3,1,unacc
1430,1,3,2,5,3,2,acc
1431,1,3,2,5,3,3,vgood
1432,1,3,3,2,1,1,unacc
1433,1,3,3,2,1,2,unacc
1434,1,3,3,2,1,3,unacc
1435,1,3,3,2,2,1,unacc
1436,1,3,3,2,2,2,unacc
1437,1,3,3,2,2,3,unacc
1438,1,3,3,2,3,1,unacc
1439,1,3,3,2,3,2,unacc
1440,1,3,3,2,3,3,unacc
1441,1,3,3,4,1,1,unacc
1442,1,3,3,4,1,2,acc
1443,1,3,3,4,1,3,acc
1444,1,3,3,4,2,1,unacc
1445,1,3,3,4,2,2,acc
1446,1,3,3,4,2,3,acc
1447,1,3,3,4,3,1,unacc
1448,1,3,3,4,3,2,acc
1449,1,3,3,4,3,3,vgood
1450,1,3,3,5,1,1,unacc
1451,1,3,3,5,1,2,acc
1452,1,3,3,5,1,3,acc
1453,1,3,3,5,2,1,unacc
1454,1,3,3,5,2,2,acc
1455,1,3,3,5,2,3,vgood
1456,1,3,3,5,3,1,unacc
1457,1,3,3,5,3,2,acc
1458,1,3,3,5,3,3,vgood
1459,1,3,4,2,1,1,unacc
1460,1,3,4,2,1,2,unacc
1461,1,3,4,2,1,3,unacc
1462,1,3,4,2,2,1,unacc
1463,1,3,4,2,2,2,unacc
1464,1,3,4,2,2,3,unacc
1465,1,3,4,2,3,1,unacc
1466,1,3,4,2,3,2,unacc
1467,1,3,4,2,3,3,unacc
1468,1,3,4,4,1,1,unacc
1469,1,3,4,4,1,2,acc
1470,1,3,4,4,1,3,acc
1471,1,3,4,4,2,1,unacc
1472,1,3,4,4,2,2,acc
1473,1,3,4,4,2,3,vgood
1474,1,3,4,4,3,1,unacc
1475,1,3,4,4,3,2,acc
1476,1,3,4,4,3,3,vgood
1477,1,3,4,5,1,1,unacc
1478,1,3,4,5,1,2,acc
1479,1,3,4,5,1,3,acc
1480,1,3,4,5,2,1,unacc
1481,1,3,4,5,2,2,acc
1482,1,3,4,5,2,3,vgood
1483,1,3,4,5,3,1,unacc
1484,1,3,4,5,3,2,acc
1485,1,3,4,5,3,3,vgood
1486,1,3,5,2,1,1,unacc
1487,1,3,5,2,1,2,unacc
1488,1,3,5,2,1,3,unacc
1489,1,3,5,2,2,1,unacc
1490,1,3,5,2,2,2,unacc
1491,1,3,5,2,2,3,unacc
1492,1,3,5,2,3,1,unacc
1493,1,3,5,2,3,2,unacc
1494,1,3,5,2,3,3,unacc
1495,1,3,5,4,1,1,unacc
1496,1,3,5,4,1,2,acc
1497,1,3,5,4,1,3,acc
1498,1,3,5,4,2,1,unacc
1499,1,3,5,4,2,2,acc
1500,1,3,5,4,2,3,vgood
1501,1,3,5,4,3,1,unacc
1502,1,3,5,4,3,2,acc
1503,1,3,5,4,3,3,vgood
1504,1,3,5,5,1,1,unacc
1505,1,3,5,5,1,2,acc
1506,1,3,5,5,1,3,acc
1507,1,3,5,5,2,1,unacc
1508,1,3,5,5,2,2,acc
1509,1,3,5,5,2,3,vgood
1510,1,3,5,5,3,1,unacc
1511,1,3,5,5,3,2,acc
1512,1,3,5,5,3,3,vgood
1513,1,2,2,2,1,1,unacc
1514,1,2,2,2,1,2,unacc
1515,1,2,2,2,1,3,unacc
1516,1,2,2,2,2,1,unacc
1517,1,2,2,2,2,2,unacc
1518,1,2,2,2,2,3,unacc
1519,1,2,2,2,3,1,unacc
1520,1,2,2,2,3,2,unacc
1521,1,2,2,2,3,3,unacc
1522,1,2,2,4,1,1,unacc
1523,1,2,2,4,1,2,acc
1524,1,2,2,4,1,3,good
1525,1,2,2,4,2,1,unacc
1526,1,2,2,4,2,2,acc
1527,1,2,2,4,2,3,good
1528,1,2,2,4,3,1,unacc
1529,1,2,2,4,3,2,good
1530,1,2,2,4,3,3,vgood
1531,1,2,2,5,1,1,unacc
1532,1,2,2,5,1,2,unacc
1533,1,2,2,5,1,3,unacc
1534,1,2,2,5,2,1,unacc
1535,1,2,2,5,2,2,acc
1536,1,2,2,5,2,3,good
1537,1,2,2,5,3,1,unacc
1538,1,2,2,5,3,2,good
1539,1,2,2,5,3,3,vgood
1540,1,2,3,2,1,1,unacc
1541,1,2,3,2,1,2,unacc
1542,1,2,3,2,1,3,unacc
1543,1,2,3,2,2,1,unacc
1544,1,2,3,2,2,2,unacc
1545,1,2,3,2,2,3,unacc
1546,1,2,3,2,3,1,unacc
1547,1,2,3,2,3,2,unacc
1548,1,2,3,2,3,3,unacc
1549,1,2,3,4,1,1,unacc
1550,1,2,3,4,1,2,acc
1551,1,2,3,4,1,3,good
1552,1,2,3,4,2,1,unacc
1553,1,2,3,4,2,2,acc
1554,1,2,3,4,2,3,good
1555,1,2,3,4,3,1,unacc
1556,1,2,3,4,3,2,good
1557,1,2,3,4,3,3,vgood
1558,1,2,3,5,1,1,unacc
1559,1,2,3,5,1,2,acc
1560,1,2,3,5,1,3,good
1561,1,2,3,5,2,1,unacc
1562,1,2,3,5,2,2,good
1563,1,2,3,5,2,3,vgood
1564,1,2,3,5,3,1,unacc
1565,1,2,3,5,3,2,good
1566,1,2,3,5,3,3,vgood
1567,1,2,4,2,1,1,unacc
1568,1,2,4,2,1,2,unacc
1569,1,2,4,2,1,3,unacc
1570,1,2,4,2,2,1,unacc
1571,1,2,4,2,2,2,unacc
1572,1,2,4,2,2,3,unacc
1573,1,2,4,2,3,1,unacc
1574,1,2,4,2,3,2,unacc
1575,1,2,4,2,3,3,unacc
1576,1,2,4,4,1,1,unacc
1577,1,2,4,4,1,2,acc
1578,1,2,4,4,1,3,good
1579,1,2,4,4,2,1,unacc
1580,1,2,4,4,2,2,good
1581,1,2,4,4,2,3,vgood
1582,1,2,4,4,3,1,unacc
1583,1,2,4,4,3,2,good
1584,1,2,4,4,3,3,vgood
1585,1,2,4,5,1,1,unacc
1586,1,2,4,5,1,2,acc
1587,1,2,4,5,1,3,good
1588,1,2,4,5,2,1,unacc
1589,1,2,4,5,2,2,good
1590,1,2,4,5,2,3,vgood
1591,1,2,4,5,3,1,unacc
1592,1,2,4,5,3,2,good
1593,1,2,4,5,3,3,vgood
1594,1,2,5,2,1,1,unacc
1595,1,2,5,2,1,2,unacc
1596,1,2,5,2,1,3,unacc
1597,1,2,5,2,2,1,unacc
1598,1,2,5,2,2,2,unacc
1599,1,2,5,2,2,3,unacc
1600,1,2,5,2,3,1,unacc
1601,1,2,5,2,3,2,unacc
1602,1,2,5,2,3,3,unacc
1603,1,2,5,4,1,1,unacc
1604,1,2,5,4,1,2,acc
1605,1,2,5,4,1,3,good
1606,1,2,5,4,2,1,unacc
1607,1,2,5,4,2,2,good
1608,1,2,5,4,2,3,vgood
1609,1,2,5,4,3,1,unacc
1610,1,2,5,4,3,2,good
1611,1,2,5,4,3,3,vgood
1612,1,2,5,5,1,1,unacc
1613,1,2,5,5,1,2,acc
1614,1,2,5,5,1,3,good
1615,1,2,5,5,2,1,unacc
1616,1,2,5,5,2,2,good
1617,1,2,5,5,2,3,vgood
1618,1,2,5,5,3,1,unacc
1619,1,2,5,5,3,2,good
1620,1,2,5,5,3,3,vgood
1621,1,1,2,2,1,1,unacc
1622,1,1,2,2,1,2,unacc
1623,1,1,2,2,1,3,unacc
1624,1,1,2,2,2,1,unacc
1625,1,1,2,2,2,2,unacc
1626,1,1,2,2,2,3,unacc
1627,1,1,2,2,3,1,unacc
1628,1,1,2,2,3,2,unacc
1629,1,1,2,2,3,3,unacc
1630,1,1,2,4,1,1,unacc
1631,1,1,2,4,1,2,acc
1632,1,1,2,4,1,3,good
1633,1,1,2,4,2,1,unacc
1634,1,1,2,4,2,2,acc
1635,1,1,2,4,2,3,good
1636,1,1,2,4,3,1,unacc
1637,1,1,2,4,3,2,good
1638,1,1,2,4,3,3,vgood
1639,1,1,2,5,1,1,unacc
1640,1,1,2,5,1,2,unacc
1641,1,1,2,5,1,3,unacc
1642,1,1,2,5,2,1,unacc
1643,1,1,2,5,2,2,acc
1644,1,1,2,5,2,3,good
1645,1,1,2,5,3,1,unacc
1646,1,1,2,5,3,2,good
1647,1,1,2,5,3,3,vgood
1648,1,1,3,2,1,1,unacc
1649,1,1,3,2,1,2,unacc
1650,1,1,3,2,1,3,unacc
1651,1,1,3,2,2,1,unacc
1652,1,1,3,2,2,2,unacc
1653,1,1,3,2,2,3,unacc
1654,1,1,3,2,3,1,unacc
1655,1,1,3,2,3,2,unacc
1656,1,1,3,2,3,3,unacc
1657,1,1,3,4,1,1,unacc
1658,1,1,3,4,1,2,acc
1659,1,1,3,4,1,3,good
1660,1,1,3,4,2,1,unacc
1661,1,1,3,4,2,2,acc
1662,1,1,3,4,2,3,good
1663,1,1,3,4,3,1,unacc
1664,1,1,3,4,3,2,good
1665,1,1,3,4,3,3,vgood
1666,1,1,3,5,1,1,unacc
1667,1,1,3,5,1,2,acc
1668,1,1,3,5,1,3,good
1669,1,1,3,5,2,1,unacc
1670,1,1,3,5,2,2,good
1671,1,1,3,5,2,3,vgood
1672,1,1,3,5,3,1,unacc
1673,1,1,3,5,3,2,good
1674,1,1,3,5,3,3,vgood
1675,1,1,4,2,1,1,unacc
1676,1,1,4,2,1,2,unacc
1677,1,1,4,2,1,3,unacc
1678,1,1,4,2,2,1,unacc
1679,1,1,4,2,2,2,unacc
1680,1,1,4,2,2,3,unacc
1681,1,1,4,2,3,1,unacc
1682,1,1,4,2,3,2,unacc
1683,1,1,4,2,3,3,unacc
1684,1,1,4,4,1,1,unacc
1685,1,1,4,4,1,2,acc
1686,1,1,4,4,1,3,good
1687,1,1,4,4,2,1,unacc
1688,1,1,4,4,2,2,good
1689,1,1,4,4,2,3,vgood
1690,1,1,4,4,3,1,unacc
1691,1,1,4,4,3,2,good
1692,1,1,4,4,3,3,vgood
1693,1,1,4,5,1,1,unacc
1694,1,1,4,5,1,2,acc
1695,1,1,4,5,1,3,good
1696,1,1,4,5,2,1,unacc
1697,1,1,4,5,2,2,good
1698,1,1,4,5,2,3,vgood
1699,1,1,4,5,3,1,unacc
1700,1,1,4,5,3,2,good
1701,1,1,4,5,3,3,vgood
1702,1,1,5,2,1,1,unacc
1703,1,1,5,2,1,2,unacc
1704,1,1,5,2,1,3,unacc
1705,1,1,5,2,2,1,unacc
1706,1,1,5,2,2,2,unacc
1707,1,1,5,2,2,3,unacc
1708,1,1,5,2,3,1,unacc
1709,1,1,5,2,3,2,unacc
1710,1,1,5,2,3,3,unacc
1711,1,1,5,4,1,1,unacc
1712,1,1,5,4,1,2,acc
1713,1,1,5,4,1,3,good
1714,1,1,5,4,2,1,unacc
1715,1,1,5,4,2,2,good
1716,1,1,5,4,2,3,vgood
1717,1,1,5,4,3,1,unacc
1718,1,1,5,4,3,2,good
1719,1,1,5,4,3,3,vgood
1720,1,1,5,5,1,1,unacc
1721,1,1,5,5,1,2,acc
1722,1,1,5,5,1,3,good
1723,1,1,5,5,2,1,unacc
1724,1,1,5,5,2,2,good
1725,1,1,5,5,2,3,vgood
1726,1,1,5,5,3,1,unacc
1727,1,1,5,5,3,2,good
1728,1,1,5,5,3,3,vgood
